{
  "version": 1,
  "author": "Caio Abreu",
  "editor": "wokwi",
  "parts": [
    {
      "type": "board-esp32-s3-devkitc-1",
      "id": "esp",
      "top": 0,
      "left": 0,
      "rotate": 270,
      "attrs": {}
    },
    {
      "type": "wokwi-led",
      "id": "led1",
      "top": 224.68,
      "left": 124.96,
      "rotate": 180,
      "attrs": { "color": "blue" }
    },
    {
      "type": "wokwi-led",
      "id": "led2",
      "top": 10.93,
      "left": -69.57,
      "attrs": { "color": "green" }
    },
    {
      "type": "wokwi-led",
      "id": "led3",
      "top": 9.73,
      "left": -20.35,
      "attrs": { "color": "yellow" }
    },
    {
      "type": "wokwi-led",
      "id": "led4",
      "top": 223.45,
      "left": 87.11,
      "rotate": 180,
      "attrs": { "color": "red" }
    },
    {
      "type": "wokwi-photoresistor-sensor",
      "id": "ldr1",
      "top": 96.5,
      "left": 238.43,
      "rotate": 180,
      "attrs": {}
    },
    {
      "type": "wokwi-buzzer",
      "id": "bz1",
      "top": -236.94,
      "left": 126.8,
      "attrs": { "volume": "0.1" }
    },
    {
      "type": "wokwi-pushbutton",
      "id": "btn1",
      "top": -71.25,
      "left": 199.34,
      "rotate": 180,
      "attrs": { "color": "red" }
    },
    {
      "type": "wokwi-pushbutton",
      "id": "btn2",
      "top": -137.83,
      "left": 17.57,
      "rotate": 180,
      "attrs": { "color": "blue" }
    }
  ],
  "connections": [
    [ "esp:TX", "$serialMonitor:RX", "", [] ],
    [ "esp:RX", "$serialMonitor:TX", "", [] ],
    [ "led4:A", "esp:12", "red", [ "h5.64", "v-46.43", "h-0.07" ] ],
    [ "led4:C", "esp:GND.1", "black", [ "v-30.82", "h33.97" ] ],
    [ "led1:C", "esp:GND.1", "black", [ "v0" ] ],
    [ "led1:A", "esp:13", "blue", [ "h-22.6", "v-57.26" ] ],
    [ "led2:C", "esp:GND.2", "black", [ "v0" ] ],
    [ "led2:A", "esp:1", "green", [ "h18.27", "v36.14" ] ],
    [ "led3:C", "esp:GND.2", "black", [ "v16.16", "h-53.31", "v21.18" ] ],
    [ "led3:A", "esp:2", "yellow", [ "v7.91", "h-21.82", "v29.43" ] ],
    [ "ldr1:GND", "esp:GND.4", "black", [ "h-9.56", "v-68.99", "h-84.57", "v21.56" ] ],
    [ "ldr1:AO", "esp:3", "white", [ "h-20.57", "v72.95", "h-160.18" ] ],
    [ "bz1:1", "esp:GND.3", "black", [ "v0" ] ],
    [ "ldr1:VCC", "esp:3V3.2", "red", [ "v67.08", "h-286.35" ] ],
    [ "btn2:2.l", "esp:GND.3", "black", [ "h0" ] ],
    [ "btn2:1.r", "esp:0", "blue", [ "v138.3", "h48.19" ] ],
    [ "btn1:1.r", "esp:35", "red", [ "h-140", "v106.06", "h0.34" ] ],
    [ "btn1:2.l", "esp:GND.4", "black", [ "v-24.93", "h-120.26" ] ],
    [ "bz1:2", "esp:38", "green", [ "v162.1", "h-129.92" ] ]
  ]
}